{"cameraMode":{"drawMode":0,"name":"Shaded","section":"Shading Mode"},"sceneLighting":false,"audioPlay":false,"sceneViewState":{"m_AlwaysRefresh":false,"showFog":true,"showSkybox":false,"showFlares":true,"showImageEffects":true,"showParticleSystems":true,"showVisualEffectGraphs":true,"m_FxEnabled":true},"in2DMode":false,"pivot":{"x":103.68199920654297,"y":4.637971878051758,"z":26.883501052856447},"rotation":{"x":0.04264836758375168,"y":-0.6789770126342773,"z":0.03955519199371338,"w":0.7318667769432068},"size":2.894780397415161,"orthographic":true}