{"cameraMode":{"drawMode":0,"name":"Shaded","section":"Shading Mode"},"sceneLighting":true,"audioPlay":false,"sceneViewState":{"m_AlwaysRefresh":false,"showFog":true,"showSkybox":true,"showFlares":true,"showImageEffects":true,"showParticleSystems":true,"showVisualEffectGraphs":true,"m_FxEnabled":true},"in2DMode":false,"pivot":{"x":48.54004669189453,"y":0.7120919823646545,"z":0.6459502577781677},"rotation":{"x":0.18050606548786164,"y":-0.01659342646598816,"z":0.002995534334331751,"w":0.9835891723632813},"size":3.8465309143066408,"orthographic":true}