{"cameraMode":{"drawMode":0,"name":"Shaded","section":"Shading Mode"},"sceneLighting":true,"audioPlay":false,"sceneViewState":{"m_AlwaysRefresh":false,"showFog":true,"showSkybox":true,"showFlares":true,"showImageEffects":true,"showParticleSystems":true,"showVisualEffectGraphs":true,"m_FxEnabled":true},"in2DMode":false,"pivot":{"x":7.145243167877197,"y":53.65073013305664,"z":14.163257598876954},"rotation":{"x":0.040390629321336749,"y":0.7062106728553772,"z":-0.04017972946166992,"w":0.7058530449867249},"size":4.826152324676514,"orthographic":true}