{"cameraMode":{"drawMode":0,"name":"Shaded","section":"Shading Mode"},"sceneLighting":true,"audioPlay":false,"sceneViewState":{"m_AlwaysRefresh":false,"showFog":true,"showSkybox":true,"showFlares":true,"showImageEffects":true,"showParticleSystems":true,"showVisualEffectGraphs":true,"m_FxEnabled":true},"in2DMode":false,"pivot":{"x":58.33809280395508,"y":-21.51634979248047,"z":43.66389846801758},"rotation":{"x":0.7049810290336609,"y":0.0010638416279107333,"z":-0.0010574692860245705,"w":0.7092238664627075},"size":54.25775146484375,"orthographic":false}