{"cameraMode":{"drawMode":0,"name":"Shaded","section":"Shading Mode"},"sceneLighting":true,"audioPlay":false,"sceneViewState":{"m_AlwaysRefresh":false,"showFog":true,"showSkybox":true,"showFlares":true,"showImageEffects":true,"showParticleSystems":true,"showVisualEffectGraphs":true,"m_FxEnabled":true},"in2DMode":false,"pivot":{"x":9.920000076293946,"y":1.6236271858215333,"z":13.047918319702149},"rotation":{"x":0.21572726964950562,"y":-0.024028943851590158,"z":0.005320267751812935,"w":0.9761729836463928},"size":1.8226064443588257,"orthographic":true}