{"cameraMode":{"drawMode":0,"name":"Shaded","section":"Shading Mode"},"sceneLighting":true,"audioPlay":false,"sceneViewState":{"m_AlwaysRefresh":false,"showFog":true,"showSkybox":true,"showFlares":true,"showImageEffects":true,"showParticleSystems":true,"showVisualEffectGraphs":true,"m_FxEnabled":true},"in2DMode":false,"pivot":{"x":95.37957000732422,"y":3.009984254837036,"z":29.393644332885743},"rotation":{"x":-0.015266171656548977,"y":-0.06537334620952606,"z":-0.001009536674246192,"w":0.9977535009384155},"size":4.358449935913086,"orthographic":true}