{"cameraMode":{"drawMode":0,"name":"Shaded","section":"Shading Mode"},"sceneLighting":true,"audioPlay":false,"sceneViewState":{"m_AlwaysRefresh":false,"showFog":true,"showSkybox":true,"showFlares":true,"showImageEffects":true,"showParticleSystems":true,"showVisualEffectGraphs":true,"m_FxEnabled":true},"in2DMode":false,"pivot":{"x":9.920000076293946,"y":0.9792701005935669,"z":12.601365089416504},"rotation":{"x":-0.4178324043750763,"y":0.06695960462093353,"z":-0.030903145670890809,"w":-0.9055385589599609},"size":1.6972713470458985,"orthographic":false}