{"cameraMode":{"drawMode":0,"name":"Shaded","section":"Shading Mode"},"sceneLighting":true,"audioPlay":false,"sceneViewState":{"m_AlwaysRefresh":false,"showFog":true,"showSkybox":true,"showFlares":true,"showImageEffects":true,"showParticleSystems":true,"showVisualEffectGraphs":true,"m_FxEnabled":true},"in2DMode":false,"pivot":{"x":9.456653594970704,"y":0.9075909852981567,"z":9.725363731384278},"rotation":{"x":0.06040780618786812,"y":0.9212334752082825,"z":-0.34991538524627688,"w":0.15911456942558289},"size":0.8660253882408142,"orthographic":true}