{"cameraMode":{"drawMode":0,"name":"Shaded","section":"Shading Mode"},"sceneLighting":true,"audioPlay":false,"sceneViewState":{"m_AlwaysRefresh":false,"showFog":true,"showSkybox":true,"showFlares":true,"showImageEffects":true,"showParticleSystems":true,"showVisualEffectGraphs":true,"m_FxEnabled":true},"in2DMode":false,"pivot":{"x":10.667895317077637,"y":-0.7900286912918091,"z":5.7008562088012699},"rotation":{"x":-0.19830593466758729,"y":-0.5992059111595154,"z":0.15638402104377747,"w":-0.7598055601119995},"size":1.5194737911224366,"orthographic":true}